0,Kevin,Sofronas,0,9085551234,ksofronas@kevinska.rs
1,Anderson,Mcconnell,0,8416639153,amccnnll@kevinska.rs
2,Margie,Klein,1,9277254000,margiek@devins.deals
3,Hayden,Mendoza,1,2367577354,haydenm@devins.deals
4,Emanuel,Coffey,1,9038018697,emanuelc@devins.deals
5,Velma,Ramirez,2,4868647458,velmaramirez@alvins.auto
6,Piper,Vaughn,3,7224414232,pvaughn@evansexotics.com
7,Markus,Floyd,3,4915356378,mfloyd@evansexotics.com
8,Aurelio,Abbott,4,8616638780,aabbtt@vinnysvehicl.es
9,Lupita,Fischer,4,6518384115,lupfisch@vinnysvehicl.es
10,Una,Little,5,9455692761,unalittle@calvinsconvertibl.es
11,Marty,Esparza,6,6842684768,martye@gavinsguzzle.rs
12,Tonja,Waters,6,4475761079,tonjaw@gavinsguzzle.rs
13,Allene,Bennett,7,2553369597,allenebennett@ardmoretoyota.com
14,Emerson,Mosley,7,2347167842,emersonmosley@ardmoretoyota.com
15,Roy,Reeves,7,9346926227,royreeves@ardmoretoyota.com